alg,size,sec,sdata,speed
binary,300,0.05,143,0
linear,50,0.0571,45,0
linear,50,0.0742,12,0
binary,200,0.00894,150,0
binary,200,0.03604,24,0
linear,200,0.06639,24,0
binary,600,0.02798,300,0
binary,600,0.02547,300,0
linear,20,0.60673,5,0.1
linear,200,0.00643,5,0
